constraint_id,site,confirmation_scope,confirmation_status,confirmed_by_role,confirmation_date,source_id,source_section,official_source_reference,experiment1_disposition,real_project_claim
SUZ-C01,Suzhou,official rule text and inclusion in Experiment 1 analytical screening,confirmed,author_team,2026-08-06,SUZ-GREEN-ORD,Article 13,https://www.suzhou.gov.cn/szsrmzf/gbdfxfg/202302/a3bea3a503d44a499879cb5b3ed2511d.shtml,score only when frozen analytical trigger evidence is present; otherwise not_evaluable,not claimed
SUZ-C02,Suzhou,official rule text and inclusion in Experiment 1 analytical screening,confirmed,author_team,2026-08-06,SUZ-GREEN-ORD,Article 13,https://www.suzhou.gov.cn/szsrmzf/gbdfxfg/202302/a3bea3a503d44a499879cb5b3ed2511d.shtml,score only when frozen analytical trigger evidence is present; otherwise not_evaluable,not claimed
SUZ-C03,Suzhou,official rule text and inclusion in Experiment 1 analytical screening,confirmed,author_team,2026-08-06,SUZ-GREEN-ORD,Article 13,https://www.suzhou.gov.cn/szsrmzf/gbdfxfg/202302/a3bea3a503d44a499879cb5b3ed2511d.shtml,score only when frozen analytical trigger evidence is present; otherwise not_evaluable,not claimed
SUZ-C04,Suzhou,official rule text and inclusion in Experiment 1 analytical screening,confirmed,author_team,2026-08-06,SUZ-GREEN-ORD,Article 41(3),https://www.suzhou.gov.cn/szsrmzf/gbdfxfg/202302/a3bea3a503d44a499879cb5b3ed2511d.shtml,score only when frozen analytical trigger evidence is present; otherwise not_evaluable,not claimed
SUZ-C05,Suzhou,official rule text and inclusion in Experiment 1 analytical screening,confirmed,author_team,2026-08-06,SUZ-GREEN-ORD,Article 25,https://www.suzhou.gov.cn/szsrmzf/gbdfxfg/202302/a3bea3a503d44a499879cb5b3ed2511d.shtml,score only when frozen analytical trigger evidence is present; otherwise not_evaluable,not claimed
SUZ-C06,Suzhou,official rule text and inclusion in Experiment 1 analytical screening,confirmed,author_team,2026-08-06,SUZ-GREEN-ORD,Articles 5 and 26,https://www.suzhou.gov.cn/szsrmzf/gbdfxfg/202302/a3bea3a503d44a499879cb5b3ed2511d.shtml,score only when frozen analytical trigger evidence is present; otherwise not_evaluable,not claimed
SUZ-C07,Suzhou,official rule text and inclusion in Experiment 1 analytical screening,confirmed,author_team,2026-08-06,SUZ-GREEN-ORD,Article 22,https://www.suzhou.gov.cn/szsrmzf/gbdfxfg/202302/a3bea3a503d44a499879cb5b3ed2511d.shtml,score only when frozen analytical trigger evidence is present; otherwise not_evaluable,not claimed
SUZ-C08,Suzhou,official rule text and inclusion in Experiment 1 analytical screening,confirmed,author_team,2026-08-06,SUZ-GREEN-ORD,Article 28,https://www.suzhou.gov.cn/szsrmzf/gbdfxfg/202302/a3bea3a503d44a499879cb5b3ed2511d.shtml,score only when frozen analytical trigger evidence is present; otherwise not_evaluable,not claimed
SUZ-C09,Suzhou,official rule text and inclusion in Experiment 1 analytical screening,confirmed,author_team,2026-08-06,SUZ-GREEN-ORD,Articles 29 and 30,https://www.suzhou.gov.cn/szsrmzf/gbdfxfg/202302/a3bea3a503d44a499879cb5b3ed2511d.shtml,score only when frozen analytical trigger evidence is present; otherwise not_evaluable,not claimed
