constraint_id,site,jurisdiction,database_name,instrument_title,instrument_class,issuing_authority,source_id,section,effective_date_or_version,official_url,verbatim_rule_summary,parameter,operator,threshold,unit,applicability_condition,source_text_status,study_evaluator_applicability,study_applicability_basis,real_project_applicability_status,real_project_confirmation_required,confirmation_authority,confirmation_evidence_file,hard_or_soft,predicate,verification_status,notes
SUZ-C01,Suzhou,Suzhou,Suzhou Municipal Government Gazette / local regulation database,Suzhou Urban Greening Regulation (苏州市城市绿化条例),binding_regulation,Suzhou Municipal People's Congress Standing Committee,SUZ-GREEN-ORD,Article 13,2022 revision; effective 2023-03-12,https://www.suzhou.gov.cn/szsrmzf/gbdfxfg/202302/a3bea3a503d44a499879cb5b3ed2511d.shtml,"Article 13 states that in new urban areas, city green space shall exceed 30% of total land area.",city_green_space_ratio_new_urban_area,>,0.3,fraction,Only if the competent planning authority classifies the relevant planning area as a new urban area; this is not automatically a parcel-level Xutai Road ratio.,official_source_verified,conditional_screening_rule_frozen,"Apply only when this frozen condition is supported by scenario metadata: Only if the competent planning authority classifies the relevant planning area as a new urban area; this is not automatically a parcel-level Xutai Road ratio. If required trigger evidence is absent, record not_evaluable; never record pass or not_applicable by assumption.",planning_classification_pending,yes,Suzhou competent planning/greening authority or documented review by a qualified local planning professional,,binding_if_applicable,city_green_space_ratio > 0.30,official_text_verified_applicability_pending,Do not substitute the study green_fraction threshold for this planning-area ratio.
SUZ-C02,Suzhou,Suzhou,Suzhou Municipal Government Gazette / local regulation database,Suzhou Urban Greening Regulation (苏州市城市绿化条例),binding_regulation,Suzhou Municipal People's Congress Standing Committee,SUZ-GREEN-ORD,Article 13,2022 revision; effective 2023-03-12,https://www.suzhou.gov.cn/szsrmzf/gbdfxfg/202302/a3bea3a503d44a499879cb5b3ed2511d.shtml,"Article 13 states that in old-city renewal areas, city green space shall exceed 25% of total land area.",city_green_space_ratio_old_city_renewal_area,>,0.25,fraction,Only if the competent planning authority classifies the relevant planning area as an old-city renewal area.,official_source_verified,conditional_screening_rule_frozen,"Apply only when this frozen condition is supported by scenario metadata: Only if the competent planning authority classifies the relevant planning area as an old-city renewal area. If required trigger evidence is absent, record not_evaluable; never record pass or not_applicable by assumption.",planning_classification_pending,yes,Suzhou competent planning/greening authority or documented review by a qualified local planning professional,,binding_if_applicable,city_green_space_ratio > 0.25,official_text_verified_applicability_pending,"Planning-area control, not an unconditional parcel target."
SUZ-C03,Suzhou,Suzhou,Suzhou Municipal Government Gazette / local regulation database,Suzhou Urban Greening Regulation (苏州市城市绿化条例),binding_regulation,Suzhou Municipal People's Congress Standing Committee,SUZ-GREEN-ORD,Article 13,2022 revision; effective 2023-03-12,https://www.suzhou.gov.cn/szsrmzf/gbdfxfg/202302/a3bea3a503d44a499879cb5b3ed2511d.shtml,Article 13 states that existing green-space area shall remain stable or increase and shall not decrease.,existing_city_green_area_change,>=,0,m2,Only if the parcel is legally counted as existing city green space and the proposal would change that area.,official_source_verified,conditional_screening_rule_frozen,"Apply only when this frozen condition is supported by scenario metadata: Only if the parcel is legally counted as existing city green space and the proposal would change that area. If required trigger evidence is absent, record not_evaluable; never record pass or not_applicable by assumption.",land_and_green_line_classification_pending,yes,Suzhou competent planning/greening authority or documented review by a qualified local planning professional,,binding_if_applicable,proposed_legal_green_area_m2 - existing_legal_green_area_m2 >= 0,official_text_verified_applicability_pending,Confirm the statutory green-space and green-line records before evaluation.
SUZ-C04,Suzhou,Suzhou,Suzhou Municipal Government Gazette / local regulation database,Suzhou Urban Greening Regulation (苏州市城市绿化条例),binding_regulation,Suzhou Municipal People's Congress Standing Committee,SUZ-GREEN-ORD,Article 41(3),2022 revision; effective 2023-03-12,https://www.suzhou.gov.cn/szsrmzf/gbdfxfg/202302/a3bea3a503d44a499879cb5b3ed2511d.shtml,Article 41 defines square land as public activity land with landscaped occupancy of at least 35%; at least 65% may be counted as park green space.,square_land_landscaped_area_fraction,>=,0.35,fraction,Only if the land is legally classified as square land (广场用地).,official_source_verified,conditional_screening_rule_frozen,"Apply only when this frozen condition is supported by scenario metadata: Only if the land is legally classified as square land (广场用地). If required trigger evidence is absent, record not_evaluable; never record pass or not_applicable by assumption.",land_use_classification_pending,yes,Suzhou competent planning/greening authority or documented review by a qualified local planning professional,,binding_if_applicable,landscaped_area_fraction >= 0.35,official_text_verified_applicability_pending,"This is landscaped land occupancy, not canopy coverage."
SUZ-C05,Suzhou,Suzhou,Suzhou Municipal Government Gazette / local regulation database,Suzhou Urban Greening Regulation (苏州市城市绿化条例),binding_regulation,Suzhou Municipal People's Congress Standing Committee,SUZ-GREEN-ORD,Article 25,2022 revision; effective 2023-03-12,https://www.suzhou.gov.cn/szsrmzf/gbdfxfg/202302/a3bea3a503d44a499879cb5b3ed2511d.shtml,Article 25 encourages roof greening on non-residential flat-roof buildings no higher than 50 m.,nonresidential_flat_roof_height_for_encouraged_roof_greening,<=,50,m,Only when a non-residential flat-roof building is proposed.,official_source_verified,conditional_screening_rule_frozen,"Apply only when this frozen condition is supported by scenario metadata: Only when a non-residential flat-roof building is proposed. If required trigger evidence is absent, record not_evaluable; never record pass or not_applicable by assumption.",not_triggered_unless_building_proposed,yes,Suzhou competent planning/greening authority or documented review by a qualified local planning professional,,nonbinding_encouragement_in_regulation,building_height_m <= 50 implies roof_greening_option_reviewed = true,official_text_verified,"The instrument is a regulation, but this provision expressly encourages rather than mandates roof greening."
SUZ-C06,Suzhou,Suzhou,Suzhou Municipal Government Gazette / local regulation database,Suzhou Urban Greening Regulation (苏州市城市绿化条例),binding_regulation,Suzhou Municipal People's Congress Standing Committee,SUZ-GREEN-ORD,Articles 5 and 26,2022 revision; effective 2023-03-12,https://www.suzhou.gov.cn/szsrmzf/gbdfxfg/202302/a3bea3a503d44a499879cb5b3ed2511d.shtml,"Article 5 establishes ecological priority and open sharing; Article 26 calls for greater openness, convenience, service functions, and shared green space in green-space improvement.",green_space_open_convenient_and_service_function,qualitative,,none,Relevant to an urban green-space improvement proposal.,official_source_verified,conditional_screening_rule_frozen,"Apply only when this frozen condition is supported by scenario metadata: Relevant to an urban green-space improvement proposal. If required trigger evidence is absent, record not_evaluable; never record pass or not_applicable by assumption.",project_type_pending,yes,Suzhou competent planning/greening authority or documented review by a qualified local planning professional,,qualitative_statutory_policy,public_access_open = true AND convenience_features_present = true AND service_function_present = true,official_text_verified_operationalisation_is_study_defined,"The Boolean predicate is a transparent research operationalisation, not statutory wording."
SUZ-C07,Suzhou,Suzhou,Suzhou Municipal Government Gazette / local regulation database,Suzhou Urban Greening Regulation (苏州市城市绿化条例),binding_regulation,Suzhou Municipal People's Congress Standing Committee,SUZ-GREEN-ORD,Article 22,2022 revision; effective 2023-03-12,https://www.suzhou.gov.cn/szsrmzf/gbdfxfg/202302/a3bea3a503d44a499879cb5b3ed2511d.shtml,Article 22 requires supporting greening construction funds to be included in the basic construction investment and project budget.,supporting_greening_cost_in_project_budget,=,true,boolean,For an urban construction project with supporting greening works.,official_source_verified,conditional_screening_rule_frozen,"Apply only when this frozen condition is supported by scenario metadata: For an urban construction project with supporting greening works. If required trigger evidence is absent, record not_evaluable; never record pass or not_applicable by assumption.",project_scope_pending,yes,Suzhou competent planning/greening authority or documented review by a qualified local planning professional,,binding_if_applicable,greening_cost_line_present_in_project_budget = true,official_text_verified_applicability_pending,Distinct from the study's normalised budget cap.
SUZ-C08,Suzhou,Suzhou,Suzhou Municipal Government Gazette / local regulation database,Suzhou Urban Greening Regulation (苏州市城市绿化条例),binding_regulation,Suzhou Municipal People's Congress Standing Committee,SUZ-GREEN-ORD,Article 28,2022 revision; effective 2023-03-12,https://www.suzhou.gov.cn/szsrmzf/gbdfxfg/202302/a3bea3a503d44a499879cb5b3ed2511d.shtml,"Article 28 requires the maintenance-responsible party to establish a maintenance system and address disaster, pest, replacement, and facility upkeep duties.",maintenance_management_system,=,true,boolean,For the legally responsible urban green-space maintenance party.,official_source_verified,conditional_screening_rule_frozen,"Apply only when this frozen condition is supported by scenario metadata: For the legally responsible urban green-space maintenance party. If required trigger evidence is absent, record not_evaluable; never record pass or not_applicable by assumption.",responsible_party_pending,yes,Suzhou competent planning/greening authority or documented review by a qualified local planning professional,,binding_if_applicable,maintenance_plan_includes_responsibility_disaster_pest_replacement_and_facility_upkeep = true,official_text_verified_applicability_pending,The checklist tracks the duties enumerated in the article.
SUZ-C09,Suzhou,Suzhou,Suzhou Municipal Government Gazette / local regulation database,Suzhou Urban Greening Regulation (苏州市城市绿化条例),binding_regulation,Suzhou Municipal People's Congress Standing Committee,SUZ-GREEN-ORD,Articles 29 and 30,2022 revision; effective 2023-03-12,https://www.suzhou.gov.cn/szsrmzf/gbdfxfg/202302/a3bea3a503d44a499879cb5b3ed2511d.shtml,Articles 29 and 30 prohibit unauthorised tree felling/relocation and city green-space occupation; specified actions require approval and restoration or compensation duties.,tree_removal_relocation_or_green_space_occupation_approval,=,true,boolean,If the proposal removes or relocates an urban tree or occupies legally designated city green space.,official_source_verified,conditional_screening_rule_frozen,"Apply only when this frozen condition is supported by scenario metadata: If the proposal removes or relocates an urban tree or occupies legally designated city green space. If required trigger evidence is absent, record not_evaluable; never record pass or not_applicable by assumption.",tree_inventory_and_land_status_pending,yes,Suzhou competent planning/greening authority or documented review by a qualified local planning professional,,binding_if_applicable,required_authority_approval_obtained = true,official_text_verified_applicability_pending,No approval is assumed by this analytical study.
SUZ-C10,Suzhou,China,National Standards Full-text Disclosure platform / MOHURD standards library,GB 55019-2021 General Code for Accessibility of Buildings and Municipal Engineering,binding_standard,Ministry of Housing and Urban-Rural Development of the PRC,CN-GB55019,Official publication/index notice; exact clauses not extracted,Published 2021; controlling implementation date to be confirmed,https://www.mohurd.gov.cn/gongkai/zc/wjk/art/2021/art_17339_762461.html,Only the existence and mandatory status of GB 55019-2021 are recorded here; no clause value is asserted without verified clause text.,national_accessibility_code_review,review,,none,For buildings and municipal works within the standard's scope.,official_index_only_clause_text_not_extracted,reference_only_not_scored,"Official index is retained as a source alert, but no clause is scored until the exact controlling text and scenario trigger are extracted and frozen by amendment.",clause_text_and_project_scope_pending,yes,Suzhou competent planning/greening authority or documented review by a qualified local planning professional,,binding_if_applicable,gb55019_clause_check_completed_and_passed = true,official_index_verified_clause_text_not_extracted,"No numerical threshold is populated. The study's 1.50 m, 5%, and 2% controls remain non-regulatory research parameters."
LON-C01,London,Greater London,GLA London Plan policy database,"The London Plan 2021, Policy G5 Urban greening",planning_policy,Mayor of London / Greater London Authority,LON-UGF,Policy G5 and supporting paragraph 8.5.5,London Plan 2021,https://www.london.gov.uk/programmes-strategies/planning/london-plan/the-london-plan-2021-online/chapter-8-green-infrastructure,The London Plan sets an interim UGF target score of 0.4 for predominantly residential development.,urban_greening_factor_predominantly_residential,>=,0.4,UGF score,For a major development treated by the planning authority as predominantly residential where Policy G5 applies.,official_source_verified,conditional_screening_rule_frozen,"Apply only when this frozen condition is supported by scenario metadata: For a major development treated by the planning authority as predominantly residential where Policy G5 applies. If required trigger evidence is absent, record not_evaluable; never record pass or not_applicable by assumption.",development_class_and_current_policy_confirmation_pending,yes,"OPDC/local planning authority and the relevant qualified planning, ecology, or access professional",,planning_policy_target_if_applicable,UGF_score >= 0.40,official_policy_url_verified_direct_text_access_challenge,"This is a planning-policy target, not a building-regulation minimum."
LON-C02,London,Greater London,GLA London Plan policy database,"The London Plan 2021, Policy G5 Urban greening",planning_policy,Mayor of London / Greater London Authority,LON-UGF,Policy G5 and supporting paragraph 8.5.5,London Plan 2021,https://www.london.gov.uk/programmes-strategies/planning/london-plan/the-london-plan-2021-online/chapter-8-green-infrastructure,"The London Plan sets an interim UGF target score of 0.3 for predominantly commercial development, excluding B2 and B8 uses.",urban_greening_factor_predominantly_commercial,>=,0.3,UGF score,"For a major development treated by the planning authority as predominantly commercial, excluding B2/B8 uses, where Policy G5 applies.",official_source_verified,conditional_screening_rule_frozen,"Apply only when this frozen condition is supported by scenario metadata: For a major development treated by the planning authority as predominantly commercial, excluding B2/B8 uses, where Policy G5 applies. If required trigger evidence is absent, record not_evaluable; never record pass or not_applicable by assumption.",development_class_and_current_policy_confirmation_pending,yes,"OPDC/local planning authority and the relevant qualified planning, ecology, or access professional",,planning_policy_target_if_applicable,UGF_score >= 0.30,official_policy_url_verified_direct_text_access_challenge,Do not apply both UGF targets simultaneously.
LON-C03,London,England,legislation.gov.uk and GOV.UK,"Town and Country Planning Act 1990 Schedule 7A, inserted by Environment Act 2021 Schedule 14",binding_regulation,UK Parliament; DEFRA guidance,UK-BNG,Schedule 7A; GOV.UK 'What BNG is',GOV.UK guidance last updated 2026-07-14,https://www.gov.uk/guidance/understanding-biodiversity-net-gain,GOV.UK states that BNG is mandatory under Schedule 7A and that developers must deliver 10% BNG.,biodiversity_net_gain,>=,0.1,fractional gain,For development in England unless a statutory exemption applies; check the application-date regime and the statutory metric.,official_source_verified,conditional_screening_rule_frozen,"Apply only when this frozen condition is supported by scenario metadata: For development in England unless a statutory exemption applies; check the application-date regime and the statutory metric. If required trigger evidence is absent, record not_evaluable; never record pass or not_applicable by assumption.",exemption_and_application_date_pending,yes,"OPDC/local planning authority and the relevant qualified planning, ecology, or access professional",,binding_if_applicable,(post_development_biodiversity_units - baseline_biodiversity_units) / baseline_biodiversity_units >= 0.10,official_guidance_text_verified_primary_legislation_linked,Irreplaceable-habitat rules and the exact red-line boundary require project-specific review.
LON-C04,London,England,legislation.gov.uk and GOV.UK,"Town and Country Planning Act 1990 Schedule 7A, inserted by Environment Act 2021 Schedule 14",binding_regulation,UK Parliament; DEFRA guidance,UK-BNG,Schedule 7A; GOV.UK habitat maintenance sections,GOV.UK guidance last updated 2026-07-14,https://www.gov.uk/guidance/understanding-biodiversity-net-gain,GOV.UK states that significant on-site gains and off-site gains must be maintained for a minimum of 30 years.,BNG_habitat_maintenance_term,>=,30,years,For significant on-site gains and off-site gains used to meet mandatory BNG.,official_source_verified,conditional_screening_rule_frozen,"Apply only when this frozen condition is supported by scenario metadata: For significant on-site gains and off-site gains used to meet mandatory BNG. If required trigger evidence is absent, record not_evaluable; never record pass or not_applicable by assumption.",gain_type_and_legal_mechanism_pending,yes,"OPDC/local planning authority and the relevant qualified planning, ecology, or access professional",,binding_if_applicable,secured_habitat_management_years >= 30,official_guidance_text_verified_primary_legislation_linked,A legal agreement and management/monitoring arrangements may be required.
LON-C05,London,United Kingdom,GOV.UK official publications,Inclusive Mobility: A Guide to Best Practice,official_guidance,UK Department for Transport,UK-INCLUSIVE,Section 4.2,Published December 2021,https://assets.publishing.service.gov.uk/media/61d32bb7d3bf7f1f72b5ffd2/inclusive-mobility-a-guide-to-best-practice-on-access-to-pedestrian-and-transport-infrastructure.pdf,Section 4.2 recommends 2.0 m as the minimum unobstructed width under normal circumstances.,footway_normal_minimum_width,>=,2,m,Where practicable under normal pedestrian-route circumstances.,official_source_verified,conditional_screening_rule_frozen,"Apply only when this frozen condition is supported by scenario metadata: Where practicable under normal pedestrian-route circumstances. If required trigger evidence is absent, record not_evaluable; never record pass or not_applicable by assumption.",guidance_context_pending,yes,"OPDC/local planning authority and the relevant qualified planning, ecology, or access professional",,nonbinding_official_guidance,min_footway_clear_width_m >= 2.00,official_pdf_verified,"The shared experiment minimum is 1.50 m; this is guidance, not law."
LON-C06,London,United Kingdom,GOV.UK official publications,Inclusive Mobility: A Guide to Best Practice,official_guidance,UK Department for Transport,UK-INCLUSIVE,Section 4.2,Published December 2021,https://assets.publishing.service.gov.uk/media/61d32bb7d3bf7f1f72b5ffd2/inclusive-mobility-a-guide-to-best-practice-on-access-to-pedestrian-and-transport-infrastructure.pdf,Section 4.2 gives 1.5 m as a constrained minimum where 2.0 m cannot be achieved.,footway_constrained_minimum_width,>=,1.5,m,Only where 2.0 m is not feasible because of physical constraints.,official_source_verified,conditional_screening_rule_frozen,"Apply only when this frozen condition is supported by scenario metadata: Only where 2.0 m is not feasible because of physical constraints. If required trigger evidence is absent, record not_evaluable; never record pass or not_applicable by assumption.",guidance_context_pending,yes,"OPDC/local planning authority and the relevant qualified planning, ecology, or access professional",,nonbinding_official_guidance,min_footway_clear_width_m >= 1.50,official_pdf_verified,Matches the shared experiment minimum but remains guidance.
LON-C07,London,United Kingdom,GOV.UK official publications,Inclusive Mobility: A Guide to Best Practice,official_guidance,UK Department for Transport,UK-INCLUSIVE,Section 4.2,Published December 2021,https://assets.publishing.service.gov.uk/media/61d32bb7d3bf7f1f72b5ffd2/inclusive-mobility-a-guide-to-best-practice-on-access-to-pedestrian-and-transport-infrastructure.pdf,Section 4.2 allows an absolute 1.0 m width only at unavoidable obstructions and for no more than 6 m.,restricted_width_segment_length,<=,6,m,Where an unavoidable obstacle reduces clear width to 1.0 m.,official_source_verified,conditional_screening_rule_frozen,"Apply only when this frozen condition is supported by scenario metadata: Where an unavoidable obstacle reduces clear width to 1.0 m. If required trigger evidence is absent, record not_evaluable; never record pass or not_applicable by assumption.",guidance_context_pending,yes,"OPDC/local planning authority and the relevant qualified planning, ecology, or access professional",,nonbinding_official_guidance,restricted_width_m >= 1.00 AND restricted_segment_length_m <= 6,official_pdf_verified,Obstacles should be removed or relocated where feasible.
LON-C08,London,United Kingdom,GOV.UK official publications,Inclusive Mobility: A Guide to Best Practice,official_guidance,UK Department for Transport,UK-INCLUSIVE,Section 4.3,Published December 2021,https://assets.publishing.service.gov.uk/media/61d32bb7d3bf7f1f72b5ffd2/inclusive-mobility-a-guide-to-best-practice-on-access-to-pedestrian-and-transport-infrastructure.pdf,Section 4.3 recommends a gradient no steeper than 1:20 where a level route is not feasible.,pedestrian_route_running_gradient,<=,0.05,ratio,Where a level route is not feasible; steeper routes require separate ramp treatment.,official_source_verified,conditional_screening_rule_frozen,"Apply only when this frozen condition is supported by scenario metadata: Where a level route is not feasible; steeper routes require separate ramp treatment. If required trigger evidence is absent, record not_evaluable; never record pass or not_applicable by assumption.",guidance_context_pending,yes,"OPDC/local planning authority and the relevant qualified planning, ecology, or access professional",,nonbinding_official_guidance,max_walking_surface_running_slope <= 0.05,official_pdf_verified,The study independently uses the same 5% value as a research control.
LON-C09,London,United Kingdom,GOV.UK official publications,Inclusive Mobility: A Guide to Best Practice,official_guidance,UK Department for Transport,UK-INCLUSIVE,Section 4.3,Published December 2021,https://assets.publishing.service.gov.uk/media/61d32bb7d3bf7f1f72b5ffd2/inclusive-mobility-a-guide-to-best-practice-on-access-to-pedestrian-and-transport-infrastructure.pdf,Section 4.3 prefers 1-2% crossfall and identifies 1:40 as the maximum acceptable.,footway_crossfall,<=,0.025,ratio,Where crossfall is required for drainage.,official_source_verified,conditional_screening_rule_frozen,"Apply only when this frozen condition is supported by scenario metadata: Where crossfall is required for drainage. If required trigger evidence is absent, record not_evaluable; never record pass or not_applicable by assumption.",guidance_context_pending,yes,"OPDC/local planning authority and the relevant qualified planning, ecology, or access professional",,nonbinding_official_guidance,max_crossfall <= 0.025,official_pdf_verified,The study's 2% research rule is stricter.
LON-C10,London,United Kingdom,GOV.UK official publications,Inclusive Mobility: A Guide to Best Practice,official_guidance,UK Department for Transport,UK-INCLUSIVE,Section 4.5,Published December 2021,https://assets.publishing.service.gov.uk/media/61d32bb7d3bf7f1f72b5ffd2/inclusive-mobility-a-guide-to-best-practice-on-access-to-pedestrian-and-transport-infrastructure.pdf,Section 4.5 recommends seats at intervals no greater than 50 m in commonly used pedestrian areas.,seat_interval,<=,50,m,In commonly used pedestrian areas and transport interchanges/stations.,official_source_verified,conditional_screening_rule_frozen,"Apply only when this frozen condition is supported by scenario metadata: In commonly used pedestrian areas and transport interchanges/stations. If required trigger evidence is absent, record not_evaluable; never record pass or not_applicable by assumption.",guidance_context_pending,yes,"OPDC/local planning authority and the relevant qualified planning, ecology, or access professional",,nonbinding_official_guidance,max_network_distance_between_accessible_seats_m <= 50,official_pdf_verified,Seats should be adjacent to and not obstruct the route.
LON-C11,London,OPDC,OPDC planning record,104-108 Scrubs Lane planning application (Mitre Yard),official_site_record,Greater London Authority / OPDC,LON-MITRE-APP,Application 17/0055/FUMOPDC,Current status must be rechecked,https://www.london.gov.uk/who-we-are/city-halls-partners/old-oak-and-park-royal-development-corporation-opdc/opdc-consultations/104-108-scrubs-lane-planning-application,The official record identifies the site and application reference; it does not establish current implementability.,current_planning_permission_and_conditions_check,review,,none,Before treating any analytical proposal as implementable at Mitre Yard.,official_source_verified,conditional_screening_rule_frozen,"Apply only when this frozen condition is supported by scenario metadata: Before treating any analytical proposal as implementable at Mitre Yard. If required trigger evidence is absent, record not_evaluable; never record pass or not_applicable by assumption.",current_permission_land_control_and_superseding_applications_pending,yes,"OPDC/local planning authority and the relevant qualified planning, ecology, or access professional",,due_diligence_gate_not_a_rule,current_permission_conditions_land_control_and_superseding_applications_checked = true,official_record_verified_project_status_pending,The study is not a planning application and does not confer development rights.
CHI-C01,Chicago,United States,ADA.gov official standards database,2010 ADA Standards for Accessible Design,binding_federal_standard,U.S. Department of Justice,US-ADA2010,Section 403.5.1,2010 Standards,https://www.ada.gov/law-and-regs/design-standards/2010-stds/,"Section 403.5.1 requires 36 in (915 mm) minimum clear width for walking surfaces, subject to listed exceptions.",accessible_walking_surface_clear_width,>=,0.915,m,Where the 2010 ADA Standards govern the facility and accessible walking surface.,official_source_verified,conditional_screening_rule_frozen,"Apply only when this frozen condition is supported by scenario metadata: Where the 2010 ADA Standards govern the facility and accessible walking surface. If required trigger evidence is absent, record not_evaluable; never record pass or not_applicable by assumption.",facility_and_alteration_scope_pending,yes,City of Chicago authority having jurisdiction and the relevant qualified local planning/access professional,,binding_if_applicable,min_accessible_walking_surface_clear_width_m >= 0.915,official_text_verified_applicability_pending,The study's 1.50 m minimum is stricter.
CHI-C02,Chicago,United States,ADA.gov official standards database,2010 ADA Standards for Accessible Design,binding_federal_standard,U.S. Department of Justice,US-ADA2010,Section 403.3,2010 Standards,https://www.ada.gov/law-and-regs/design-standards/2010-stds/,Section 403.3 limits walking-surface running slope to 1:20 and cross slope to 1:48.,accessible_walking_surface_running_slope,<=,0.05,ratio,For an ADA-governed walking surface; steeper surfaces are ramps and must meet Section 405.,official_source_verified,conditional_screening_rule_frozen,"Apply only when this frozen condition is supported by scenario metadata: For an ADA-governed walking surface; steeper surfaces are ramps and must meet Section 405. If required trigger evidence is absent, record not_evaluable; never record pass or not_applicable by assumption.",facility_and_route_classification_pending,yes,City of Chicago authority having jurisdiction and the relevant qualified local planning/access professional,,binding_if_applicable,max_accessible_walking_surface_running_slope <= 1/20,official_text_verified_applicability_pending,1:20 equals 0.05.
CHI-C03,Chicago,United States,ADA.gov official standards database,2010 ADA Standards for Accessible Design,binding_federal_standard,U.S. Department of Justice,US-ADA2010,Section 403.3,2010 Standards,https://www.ada.gov/law-and-regs/design-standards/2010-stds/,Section 403.3 limits walking-surface cross slope to 1:48.,accessible_walking_surface_cross_slope,<=,0.0208333333,ratio,For an ADA-governed accessible walking surface.,official_source_verified,conditional_screening_rule_frozen,"Apply only when this frozen condition is supported by scenario metadata: For an ADA-governed accessible walking surface. If required trigger evidence is absent, record not_evaluable; never record pass or not_applicable by assumption.",facility_and_route_classification_pending,yes,City of Chicago authority having jurisdiction and the relevant qualified local planning/access professional,,binding_if_applicable,max_accessible_walking_surface_cross_slope <= 1/48,official_text_verified_applicability_pending,The study's 0.02 research limit is slightly stricter.
CHI-C04,Chicago,United States,ADA.gov official standards database,2010 ADA Standards for Accessible Design,binding_federal_standard,U.S. Department of Justice,US-ADA2010,Section 304.3.1,2010 Standards,https://www.ada.gov/law-and-regs/design-standards/2010-stds/,Section 304.3.1 requires a circular turning space of 60 in (1525 mm) minimum diameter.,circular_turning_space_diameter,>=,1.525,m,Where a circular space is used to satisfy an applicable turning-space requirement.,official_source_verified,conditional_screening_rule_frozen,"Apply only when this frozen condition is supported by scenario metadata: Where a circular space is used to satisfy an applicable turning-space requirement. If required trigger evidence is absent, record not_evaluable; never record pass or not_applicable by assumption.",facility_and_turning_space_type_pending,yes,City of Chicago authority having jurisdiction and the relevant qualified local planning/access professional,,binding_if_applicable,min_circular_turning_space_diameter_m >= 1.525,official_text_verified_applicability_pending,Use 1.525 m in Chicago or a compliant T-shaped space; 1.50 m is not enough for the circular option.
CHI-C05,Chicago,United States,ADA.gov official standards database,2010 ADA Standards for Accessible Design,binding_federal_standard,U.S. Department of Justice,US-ADA2010,Section 403.5.3,2010 Standards,https://www.ada.gov/law-and-regs/design-standards/2010-stds/,Section 403.5.3 requires passing spaces at intervals of 200 ft (61 m) maximum when clear width is less than 60 in (1525 mm).,accessible_route_passing_space_interval,<=,61,m,Where an applicable accessible route has clear width below 1.525 m.,official_source_verified,conditional_screening_rule_frozen,"Apply only when this frozen condition is supported by scenario metadata: Where an applicable accessible route has clear width below 1.525 m. If required trigger evidence is absent, record not_evaluable; never record pass or not_applicable by assumption.",facility_and_route_width_pending,yes,City of Chicago authority having jurisdiction and the relevant qualified local planning/access professional,,binding_if_applicable,max_passing_space_interval_m <= 61 AND passing_space_min_dimensions_m >= 1.525x1.525,official_text_verified_applicability_pending,The study's 1.50 m route width triggers this check if ADA applies.
CHI-C06,Chicago,United States,ADA.gov official standards database,2010 ADA Standards for Accessible Design,binding_federal_standard,U.S. Department of Justice,US-ADA2010,Section 405.2,2010 Standards,https://www.ada.gov/law-and-regs/design-standards/2010-stds/,"Section 405.2 limits ramp runs to 1:12, with specified existing-site exceptions.",ramp_running_slope,<=,0.0833333333,ratio,Only where the route segment is classified as a ramp and ADA applies.,official_source_verified,conditional_screening_rule_frozen,"Apply only when this frozen condition is supported by scenario metadata: Only where the route segment is classified as a ramp and ADA applies. If required trigger evidence is absent, record not_evaluable; never record pass or not_applicable by assumption.",facility_and_route_classification_pending,yes,City of Chicago authority having jurisdiction and the relevant qualified local planning/access professional,,binding_if_applicable,max_ramp_running_slope <= 1/12,official_text_verified_applicability_pending,The study's 5% walking-surface rule is stricter where achievable.
CHI-C07,Chicago,Chicago,American Legal Publishing Code Library,"Chicago Zoning Ordinance, Chapter 17-11 Landscaping and Screening",binding_regulation,City of Chicago,CHI-ZONING-CODE,"Sections 17-11-0101, 17-11-0102, and 17-11-0203",2026 S-73 (current as accessed 2026-08-04),https://codelibrary.amlegal.com/codes/chicago/latest/chicagozoning_il/0-0-0-50905,"The chapter lists project triggers and exemptions; interior landscaping applies to lots containing vehicular use areas of at least 3,000 sq ft.",landscape_code_applicability_check,review,,none,Before applying any Chapter 17-11 numeric landscape rule.,official_source_verified,conditional_screening_rule_frozen,"Apply only when this frozen condition is supported by scenario metadata: Before applying any Chapter 17-11 numeric landscape rule. If required trigger evidence is absent, record not_evaluable; never record pass or not_applicable by assumption.",project_type_vehicular_use_area_and_exemptions_pending,yes,City of Chicago authority having jurisdiction and the relevant qualified local planning/access professional,,due_diligence_gate_for_binding_code,current_code_project_type_area_and_exemptions_checked = true,official_current_code_text_verified_applicability_pending,Do not assume the trail corridor is a qualifying vehicular use area.
CHI-C08,Chicago,Chicago,American Legal Publishing Code Library,"Chicago Zoning Ordinance, Chapter 17-11 Landscaping and Screening",binding_regulation,City of Chicago,CHI-ZONING-CODE,Section 17-11-0103-A.1,2026 S-73 (current as accessed 2026-08-04),https://codelibrary.amlegal.com/codes/chicago/latest/chicagozoning_il/0-0-0-50905,Section 17-11-0103-A.1 requires one parkway tree per 25 linear feet of street frontage.,parkway_tree_spacing,<=,25,linear ft per tree,When Section 17-11-0100 applies and no listed location exemption makes parkway planting unsuitable or unsafe.,official_source_verified,conditional_screening_rule_frozen,"Apply only when this frozen condition is supported by scenario metadata: When Section 17-11-0100 applies and no listed location exemption makes parkway planting unsuitable or unsafe. If required trigger evidence is absent, record not_evaluable; never record pass or not_applicable by assumption.",project_trigger_and_exemptions_pending,yes,City of Chicago authority having jurisdiction and the relevant qualified local planning/access professional,,binding_if_applicable,parkway_linear_frontage_ft / qualifying_tree_count <= 25,official_current_code_text_verified_applicability_pending,Bureau of Forestry determinations and permits remain separate.
CHI-C09,Chicago,Chicago,American Legal Publishing Code Library,"Chicago Zoning Ordinance, Chapter 17-11 Landscaping and Screening",binding_regulation,City of Chicago,CHI-ZONING-CODE,Section 17-11-0203.4,2026 S-73 (current as accessed 2026-08-04),https://codelibrary.amlegal.com/codes/chicago/latest/chicagozoning_il/0-0-0-50905,Section 17-11-0203.4 requires one tree per 125 sq ft of required interior landscape area.,interior_landscape_tree_density,>=,1,tree per 125 ft2,For required interior landscaping of a qualifying vehicular use area under Section 17-11-0203.,official_source_verified,conditional_screening_rule_frozen,"Apply only when this frozen condition is supported by scenario metadata: For required interior landscaping of a qualifying vehicular use area under Section 17-11-0203. If required trigger evidence is absent, record not_evaluable; never record pass or not_applicable by assumption.",vehicular_use_area_size_and_required_landscape_area_pending,yes,City of Chicago authority having jurisdiction and the relevant qualified local planning/access professional,,binding_if_applicable,qualifying_tree_count >= required_interior_landscaped_area_ft2 / 125,official_current_code_text_verified_applicability_pending,"The denominator is required interior landscape area, not total site area."
CHI-C10,Chicago,Chicago,American Legal Publishing Code Library,"Chicago Zoning Ordinance, Chapter 17-11 Landscaping and Screening",binding_regulation,City of Chicago,CHI-ZONING-CODE,Sections 17-11-0103-A.2 and 17-11-0203.4,2026 S-73 (current as accessed 2026-08-04),https://codelibrary.amlegal.com/codes/chicago/latest/chicagozoning_il/0-0-0-50905,Required trees must have a minimum 4 in caliper in the Central Area and 2.5 in outside the Central Area.,minimum_required_tree_caliper_outside_central_area,>=,2.5,in,For required Chapter 17-11 trees outside the defined Central Area.,official_source_verified,conditional_screening_rule_frozen,"Apply only when this frozen condition is supported by scenario metadata: For required Chapter 17-11 trees outside the defined Central Area. If required trigger evidence is absent, record not_evaluable; never record pass or not_applicable by assumption.",project_trigger_and_central_area_status_pending,yes,City of Chicago authority having jurisdiction and the relevant qualified local planning/access professional,,binding_if_applicable,min_required_tree_caliper_in >= 2.5,official_current_code_text_verified_applicability_pending,Confirm the legal Central Area boundary; do not rely only on the site name.
CHI-C11,Chicago,Chicago,American Legal Publishing Code Library,"Municipal Code of Chicago, Chapter 11-18 Stormwater Management",binding_regulation,City of Chicago,CHI-STORMWATER-CODE,Sections 11-18-020 and 11-18-030,2026 S-73 (current as accessed 2026-08-04),https://codelibrary.amlegal.com/codes/chicago/latest/chicago_il/0-0-0-2657370,"Regulated development includes construction, excavation, or grading that disturbs at least 15,000 sq ft in aggregate; every regulated development must have a City-approved plan, subject to Section 11-18-030(2).",land_disturbance_trigger,>=,15000,ft2,Calculate the project as a whole and apply the public-right-of-way and residential-development exclusions stated in the definition.,official_source_verified,conditional_screening_rule_frozen,"Apply only when this frozen condition is supported by scenario metadata: Calculate the project as a whole and apply the public-right-of-way and residential-development exclusions stated in the definition. If required trigger evidence is absent, record not_evaluable; never record pass or not_applicable by assumption.",project_area_discharge_and_exclusions_pending,yes,City of Chicago authority having jurisdiction and the relevant qualified local planning/access professional,,binding_trigger_if_applicable,land_disturbance_ft2 >= 15000 implies stormwater_management_plan_required = true,official_current_code_text_verified_applicability_pending,The code also has a stormwater-discharge trigger in Section 11-18-020(c).
CHI-C12,Chicago,Chicago,American Legal Publishing Code Library,"Municipal Code of Chicago, Chapter 11-18 Stormwater Management",binding_regulation,City of Chicago,CHI-STORMWATER-CODE,Sections 11-18-020 and 11-18-030,2026 S-73 (current as accessed 2026-08-04),https://codelibrary.amlegal.com/codes/chicago/latest/chicago_il/0-0-0-2657370,"Regulated development includes creation of at least 7,500 substantially contiguous sq ft of at-grade impervious surface; every regulated development must have a City-approved plan, subject to Section 11-18-030(2).",new_at_grade_impervious_surface_trigger,>=,7500,ft2,Apply the project-as-a-whole calculation and the stated public-right-of-way and residential-development exclusions.,official_source_verified,conditional_screening_rule_frozen,"Apply only when this frozen condition is supported by scenario metadata: Apply the project-as-a-whole calculation and the stated public-right-of-way and residential-development exclusions. If required trigger evidence is absent, record not_evaluable; never record pass or not_applicable by assumption.",project_area_discharge_and_exclusions_pending,yes,City of Chicago authority having jurisdiction and the relevant qualified local planning/access professional,,binding_trigger_if_applicable,new_contiguous_at_grade_impervious_ft2 >= 7500 implies stormwater_management_plan_required = true,official_current_code_text_verified_applicability_pending,"If regulated, Section 11-18-030 also specifies rate, volume, erosion, and maintenance plan components."
CHI-C13,Chicago,Chicago,City of Chicago planning documents,Englewood Agro-Eco District Land Use Plan / Englewood Nature Trail Framework Plan,planning_policy,City of Chicago,CHI-ENGLEWOOD,PDF page 26,Final plan dated 2024,https://www.chicago.gov/content/dam/city/sites/englewood-trail/pdfs/240611_Englewood%20Trail_Land%20Use%20Plan%20Final_Rdcd.pdf,The plan identifies the 59th Line as a linear park and trail spine.,linear_park_and_trail_function,=,true,boolean,As planning context for proposals on the selected 59th Line analytical segment.,official_source_verified,conditional_screening_rule_frozen,"Apply only when this frozen condition is supported by scenario metadata: As planning context for proposals on the selected 59th Line analytical segment. If required trigger evidence is absent, record not_evaluable; never record pass or not_applicable by assumption.",spatial_interface_pending,yes,City of Chicago authority having jurisdiction and the relevant qualified local planning/access professional,,nonbinding_planning_policy,continuous_trail_function_retained = true AND linear_park_function_retained = true,official_plan_verified,"Final engineering, zoning, and land-control requirements remain separate."
CHI-C14,Chicago,Chicago,City of Chicago planning documents,Englewood Agro-Eco District Land Use Plan / Englewood Nature Trail Framework Plan,planning_policy,City of Chicago,CHI-ENGLEWOOD,PDF pages 36 and 46,Final plan dated 2024,https://www.chicago.gov/content/dam/city/sites/englewood-trail/pdfs/240611_Englewood%20Trail_Land%20Use%20Plan%20Final_Rdcd.pdf,The plan links the trail framework with existing and proposed urban-agriculture uses.,urban_agriculture_connection,=,true,boolean,Where the analytical segment interfaces with an identified urban-farm parcel or access point.,official_source_verified,conditional_screening_rule_frozen,"Apply only when this frozen condition is supported by scenario metadata: Where the analytical segment interfaces with an identified urban-farm parcel or access point. If required trigger evidence is absent, record not_evaluable; never record pass or not_applicable by assumption.",parcel_and_access_point_verification_pending,yes,City of Chicago authority having jurisdiction and the relevant qualified local planning/access professional,,nonbinding_planning_policy,trail_design_preserves_safe_access_and_avoids_unmitigated_displacement_of_identified_urban_agriculture = true,official_plan_verified_spatial_interface_pending,"This is a policy/context predicate, not a municipal-code requirement."
