yaml_path,value,category,decision,proposed_change,rationale_or_source,reviewed_by,review_date_utc
protocol.primary_analysis_alpha,0.05,protocol,pending_author_and_pi_approval,,"Review against protocol, source, ethics scope, and analysis plan.",,
protocol.confidence_level,0.95,protocol,pending_author_and_pi_approval,,"Review against protocol, source, ethics scope, and analysis plan.",,
protocol.numerical_tolerance,1e-09,protocol,pending_author_and_pi_approval,,"Review against protocol, source, ethics scope, and analysis plan.",,
expert_ethics_approval.approved_participant_min,8,expert_ethics_approval,pending_author_and_pi_approval,,"Review against protocol, source, ethics scope, and analysis plan.",,
expert_ethics_approval.approved_participant_max,12,expert_ethics_approval,pending_author_and_pi_approval,,"Review against protocol, source, ethics scope, and analysis plan.",,
expert_ethics_approval.approved_session_minutes_min,30,expert_ethics_approval,pending_author_and_pi_approval,,"Review against protocol, source, ethics scope, and analysis plan.",,
expert_ethics_approval.approved_session_minutes_max,60,expert_ethics_approval,pending_author_and_pi_approval,,"Review against protocol, source, ethics scope, and analysis plan.",,
resident_ethics.approved_participant_count,0,resident_ethics,pending_author_and_pi_approval,,"Review against protocol, source, ethics scope, and analysis plan.",,
resident_ethics.approved_participant_max,0,resident_ethics,pending_author_and_pi_approval,,"Review against protocol, source, ethics scope, and analysis plan.",,
design.total_scenarios,36,design,pending_author_and_pi_approval,,"Review against protocol, source, ethics scope, and analysis plan.",,
design.exp2_scenarios,12,design,pending_author_and_pi_approval,,"Review against protocol, source, ethics scope, and analysis plan.",,
design.exp2_configurations,6,design,pending_author_and_pi_approval,,"Review against protocol, source, ethics scope, and analysis plan.",,
design.exp2_total_runs,72,design,pending_author_and_pi_approval,,"Review against protocol, source, ethics scope, and analysis plan.",,
design.exp3_target_experts,12,design,pending_author_and_pi_approval,,"Review against protocol, source, ethics scope, and analysis plan.",,
design.exp3_approved_expert_min,8,design,pending_author_and_pi_approval,,"Review against protocol, source, ethics scope, and analysis plan.",,
design.exp3_approved_expert_max,12,design,pending_author_and_pi_approval,,"Review against protocol, source, ethics scope, and analysis plan.",,
design.exp3_scenarios_per_expert,9,design,pending_author_and_pi_approval,,"Review against protocol, source, ethics scope, and analysis plan.",,
design.exp3_outputs_per_expert,27,design,pending_author_and_pi_approval,,"Review against protocol, source, ethics scope, and analysis plan.",,
design.exp3_experts_per_output,3,design,pending_author_and_pi_approval,,"Review against protocol, source, ethics scope, and analysis plan.",,
design.minimum_real_operators,3,design,pending_author_and_pi_approval,,"Review against protocol, source, ethics scope, and analysis plan.",,
design.active_workflow_assignments,108,design,pending_author_and_pi_approval,,"Review against protocol, source, ethics scope, and analysis plan.",,
case_studies.case1_deviation_cases_per_site,8,case_studies,pending_author_and_pi_approval,,"Review against protocol, source, ethics scope, and analysis plan.",,
case_studies.case2_target_analysable_per_city,15,case_studies,pending_author_and_pi_approval,,"Review against protocol, source, ethics scope, and analysis plan.",,
case_studies.case2_max_consent_per_city,20,case_studies,pending_author_and_pi_approval,,"Review against protocol, source, ethics scope, and analysis plan.",,
case_studies.case2_target_total_analysable,45,case_studies,pending_author_and_pi_approval,,"Review against protocol, source, ethics scope, and analysis plan.",,
case_studies.case2_max_consent_total,60,case_studies,pending_author_and_pi_approval,,"Review against protocol, source, ethics scope, and analysis plan.",,
case_studies.case2_age_min,18,case_studies,pending_author_and_pi_approval,,"Review against protocol, source, ethics scope, and analysis plan.",,
case_studies.case2_fidelity_scale_min,1,case_studies,pending_author_and_pi_approval,,"Review against protocol, source, ethics scope, and analysis plan.",,
case_studies.case2_fidelity_scale_max,7,case_studies,pending_author_and_pi_approval,,"Review against protocol, source, ethics scope, and analysis plan.",,
case_studies.case2_trace_comprehension_items,4,case_studies,pending_author_and_pi_approval,,"Review against protocol, source, ethics scope, and analysis plan.",,
scenario_generation.base_need_count,8,scenario_generation,pending_author_and_pi_approval,,"Review against protocol, source, ethics scope, and analysis plan.",,
scenario_generation.stress_need_count,10,scenario_generation,pending_author_and_pi_approval,,"Review against protocol, source, ethics scope, and analysis plan.",,
scenario_generation.base_critical_need_count,2,scenario_generation,pending_author_and_pi_approval,,"Review against protocol, source, ethics scope, and analysis plan.",,
scenario_generation.stress_critical_need_count,3,scenario_generation,pending_author_and_pi_approval,,"Review against protocol, source, ethics scope, and analysis plan.",,
scenario_generation.base_conflict_count,2,scenario_generation,pending_author_and_pi_approval,,"Review against protocol, source, ethics scope, and analysis plan.",,
scenario_generation.stress_conflict_count,4,scenario_generation,pending_author_and_pi_approval,,"Review against protocol, source, ethics scope, and analysis plan.",,
scenario_generation.base_budget_multiplier,1.0,scenario_generation,pending_author_and_pi_approval,,"Review against protocol, source, ethics scope, and analysis plan.",,
scenario_generation.stress_budget_multiplier,0.8,scenario_generation,pending_author_and_pi_approval,,"Review against protocol, source, ethics scope, and analysis plan.",,
scenario_generation.requirement_revision_base_steps[0],5,scenario_generation,pending_author_and_pi_approval,,"Review against protocol, source, ethics scope, and analysis plan.",,
scenario_generation.requirement_revision_stress_steps[0],5,scenario_generation,pending_author_and_pi_approval,,"Review against protocol, source, ethics scope, and analysis plan.",,
scenario_generation.requirement_revision_stress_steps[1],10,scenario_generation,pending_author_and_pi_approval,,"Review against protocol, source, ethics scope, and analysis plan.",,
scenario_generation.need_composition_base.access_mobility,2,scenario_generation,pending_author_and_pi_approval,,"Review against protocol, source, ethics scope, and analysis plan.",,
scenario_generation.need_composition_base.shade_comfort,2,scenario_generation,pending_author_and_pi_approval,,"Review against protocol, source, ethics scope, and analysis plan.",,
scenario_generation.need_composition_base.ecology,1,scenario_generation,pending_author_and_pi_approval,,"Review against protocol, source, ethics scope, and analysis plan.",,
scenario_generation.need_composition_base.activity_use,1,scenario_generation,pending_author_and_pi_approval,,"Review against protocol, source, ethics scope, and analysis plan.",,
scenario_generation.need_composition_base.maintenance_budget,1,scenario_generation,pending_author_and_pi_approval,,"Review against protocol, source, ethics scope, and analysis plan.",,
scenario_generation.need_composition_base.vulnerable_group_priority,1,scenario_generation,pending_author_and_pi_approval,,"Review against protocol, source, ethics scope, and analysis plan.",,
scenario_generation.stress_additions.conflicting_critical_need,1,scenario_generation,pending_author_and_pi_approval,,"Review against protocol, source, ethics scope, and analysis plan.",,
scenario_generation.stress_additions.conflicting_high_priority_need,1,scenario_generation,pending_author_and_pi_approval,,"Review against protocol, source, ethics scope, and analysis plan.",,
outcomes.green_access.qualifying_network_distance_m,300,outcomes,pending_author_and_pi_approval,,"Review against protocol, source, ethics scope, and analysis plan.",,
outcomes.green_access.analysis_catchment_m,1000,outcomes,pending_author_and_pi_approval,,"Review against protocol, source, ethics scope, and analysis plan.",,
outcomes.green_access.target,0.8,outcomes,pending_author_and_pi_approval,,"Review against protocol, source, ethics scope, and analysis plan.",,
outcomes.access_equity.distance_normalisation_m,1000,outcomes,pending_author_and_pi_approval,,"Review against protocol, source, ethics scope, and analysis plan.",,
outcomes.access_equity.zero_guard,1e-09,outcomes,pending_author_and_pi_approval,,"Review against protocol, source, ethics scope, and analysis plan.",,
outcomes.access_equity.target,0.8,outcomes,pending_author_and_pi_approval,,"Review against protocol, source, ethics scope, and analysis plan.",,
outcomes.shade_comfort.time_weights[0],0.2,outcomes,pending_author_and_pi_approval,,"Review against protocol, source, ethics scope, and analysis plan.",,
outcomes.shade_comfort.time_weights[1],0.3,outcomes,pending_author_and_pi_approval,,"Review against protocol, source, ethics scope, and analysis plan.",,
outcomes.shade_comfort.time_weights[2],0.3,outcomes,pending_author_and_pi_approval,,"Review against protocol, source, ethics scope, and analysis plan.",,
outcomes.shade_comfort.time_weights[3],0.2,outcomes,pending_author_and_pi_approval,,"Review against protocol, source, ethics scope, and analysis plan.",,
outcomes.shade_comfort.effective_shade_fraction_floor,0.5,outcomes,pending_author_and_pi_approval,,"Review against protocol, source, ethics scope, and analysis plan.",,
outcomes.shade_comfort.target,0.6,outcomes,pending_author_and_pi_approval,,"Review against protocol, source, ethics scope, and analysis plan.",,
outcomes.need_retention.target,0.8,outcomes,pending_author_and_pi_approval,,"Review against protocol, source, ethics scope, and analysis plan.",,
outcomes.need_retention.critical_need_target,1.0,outcomes,pending_author_and_pi_approval,,"Review against protocol, source, ethics scope, and analysis plan.",,
outcomes.need_retention.predicate_tolerances.continuous_relative,0.02,outcomes,pending_author_and_pi_approval,,"Review against protocol, source, ethics scope, and analysis plan.",,
outcomes.need_retention.predicate_tolerances.location_centroid_m,5.0,outcomes,pending_author_and_pi_approval,,"Review against protocol, source, ethics scope, and analysis plan.",,
outcomes.need_retention.predicate_tolerances.polygon_intersection_over_union,0.8,outcomes,pending_author_and_pi_approval,,"Review against protocol, source, ethics scope, and analysis plan.",,
outcomes.implementation_feasibility.target,0.95,outcomes,pending_author_and_pi_approval,,"Review against protocol, source, ethics scope, and analysis plan.",,
quality_target.A_green_min,0.8,quality_target,pending_author_and_pi_approval,,"Review against protocol, source, ethics scope, and analysis plan.",,
quality_target.E_equity_min,0.8,quality_target,pending_author_and_pi_approval,,"Review against protocol, source, ethics scope, and analysis plan.",,
quality_target.C_comfort_min,0.6,quality_target,pending_author_and_pi_approval,,"Review against protocol, source, ethics scope, and analysis plan.",,
quality_target.P_ret_min,0.8,quality_target,pending_author_and_pi_approval,,"Review against protocol, source, ethics scope, and analysis plan.",,
quality_target.critical_need_retention_min,1.0,quality_target,pending_author_and_pi_approval,,"Review against protocol, source, ethics scope, and analysis plan.",,
quality_target.I_impl_min,0.95,quality_target,pending_author_and_pi_approval,,"Review against protocol, source, ethics scope, and analysis plan.",,
quality_target.stable_evaluations_required,2,quality_target,pending_author_and_pi_approval,,"Review against protocol, source, ethics scope, and analysis plan.",,
internal_feedback.v_acc_min,0.8,internal_feedback,pending_author_and_pi_approval,,"Review against protocol, source, ethics scope, and analysis plan.",,
internal_feedback.v_sol_min,0.6,internal_feedback,pending_author_and_pi_approval,,"Review against protocol, source, ethics scope, and analysis plan.",,
internal_feedback.v_thm_min,0.6,internal_feedback,pending_author_and_pi_approval,,"Review against protocol, source, ethics scope, and analysis plan.",,
internal_feedback.v_grn_min,0.35,internal_feedback,pending_author_and_pi_approval,,"Review against protocol, source, ethics scope, and analysis plan.",,
internal_feedback.v_eco_min,0.5,internal_feedback,pending_author_and_pi_approval,,"Review against protocol, source, ethics scope, and analysis plan.",,
internal_feedback.v_bgt_min,0.95,internal_feedback,pending_author_and_pi_approval,,"Review against protocol, source, ethics scope, and analysis plan.",,
internal_feedback.critical_access_object_z_acc_min,0.7,internal_feedback,pending_author_and_pi_approval,,"Review against protocol, source, ethics scope, and analysis plan.",,
internal_feedback.vulnerable_use_zone_z_thm_min,0.5,internal_feedback,pending_author_and_pi_approval,,"Review against protocol, source, ethics scope, and analysis plan.",,
internal_feedback.objective_weights.acc,0.25,internal_feedback,pending_author_and_pi_approval,,"Review against protocol, source, ethics scope, and analysis plan.",,
internal_feedback.objective_weights.sol,0.1,internal_feedback,pending_author_and_pi_approval,,"Review against protocol, source, ethics scope, and analysis plan.",,
internal_feedback.objective_weights.thm,0.2,internal_feedback,pending_author_and_pi_approval,,"Review against protocol, source, ethics scope, and analysis plan.",,
internal_feedback.objective_weights.grn,0.15,internal_feedback,pending_author_and_pi_approval,,"Review against protocol, source, ethics scope, and analysis plan.",,
internal_feedback.objective_weights.eco,0.15,internal_feedback,pending_author_and_pi_approval,,"Review against protocol, source, ethics scope, and analysis plan.",,
internal_feedback.objective_weights.bgt,0.15,internal_feedback,pending_author_and_pi_approval,,"Review against protocol, source, ethics scope, and analysis plan.",,
internal_feedback.departure_penalty_mu,0.1,internal_feedback,pending_author_and_pi_approval,,"Review against protocol, source, ethics scope, and analysis plan.",,
equity_guardian.baseline_access_epsilon,0.05,equity_guardian,pending_author_and_pi_approval,,"Review against protocol, source, ethics scope, and analysis plan.",,
equity_guardian.vulnerability_weight_cap,5.0,equity_guardian,pending_author_and_pi_approval,,"Review against protocol, source, ethics scope, and analysis plan.",,
equity_guardian.retention_gini_alert,0.2,equity_guardian,pending_author_and_pi_approval,,"Review against protocol, source, ethics scope, and analysis plan.",,
equity_guardian.retention_gini_reengagement,0.25,equity_guardian,pending_author_and_pi_approval,,"Review against protocol, source, ethics scope, and analysis plan.",,
equity_guardian.minimum_group_need_retention,0.75,equity_guardian,pending_author_and_pi_approval,,"Review against protocol, source, ethics scope, and analysis plan.",,
shared_hard_constraints.budget_ratio_max,1.0,shared_hard_constraints,pending_author_and_pi_approval,,"Review against protocol, source, ethics scope, and analysis plan.",,
shared_hard_constraints.cross_domain_overlap_area_m2_max,0.01,shared_hard_constraints,pending_author_and_pi_approval,,"Review against protocol, source, ethics scope, and analysis plan.",,
shared_hard_constraints.disconnected_accessible_routes_max,0,shared_hard_constraints,pending_author_and_pi_approval,,"Review against protocol, source, ethics scope, and analysis plan.",,
shared_hard_constraints.unresolved_critical_conflicts_max,0,shared_hard_constraints,pending_author_and_pi_approval,,"Review against protocol, source, ethics scope, and analysis plan.",,
shared_hard_constraints.missing_required_provenance_links_max,0,shared_hard_constraints,pending_author_and_pi_approval,,"Review against protocol, source, ethics scope, and analysis plan.",,
shared_hard_constraints.accessible_route_clear_width_m_min,1.5,shared_hard_constraints,pending_author_and_pi_approval,,"Review against protocol, source, ethics scope, and analysis plan.",,
shared_hard_constraints.accessible_route_running_slope_max,0.05,shared_hard_constraints,pending_author_and_pi_approval,,"Review against protocol, source, ethics scope, and analysis plan.",,
shared_hard_constraints.accessible_route_cross_slope_max,0.02,shared_hard_constraints,pending_author_and_pi_approval,,"Review against protocol, source, ethics scope, and analysis plan.",,
shared_hard_constraints.wheelchair_turning_diameter_m_min,1.525,shared_hard_constraints,pending_author_and_pi_approval,,"Review against protocol, source, ethics scope, and analysis plan.",,
stopping.max_revision_cycles,30,stopping,pending_author_and_pi_approval,,"Review against protocol, source, ethics scope, and analysis plan.",,
stopping.max_elapsed_minutes,120,stopping,pending_author_and_pi_approval,,"Review against protocol, source, ethics scope, and analysis plan.",,
stopping.max_professional_person_hours,8.0,stopping,pending_author_and_pi_approval,,"Review against protocol, source, ethics scope, and analysis plan.",,
stopping.max_scenario_compute_minutes,120,stopping,pending_author_and_pi_approval,,"Review against protocol, source, ethics scope, and analysis plan.",,
implementation_deviation_tests.area_or_canopy_relative_tolerance,0.05,implementation_deviation_tests,pending_author_and_pi_approval,,"Review against protocol, source, ethics scope, and analysis plan.",,
implementation_deviation_tests.budget_relative_tolerance,0.02,implementation_deviation_tests,pending_author_and_pi_approval,,"Review against protocol, source, ethics scope, and analysis plan.",,
implementation_deviation_tests.positive_test_multiplier,1.5,implementation_deviation_tests,pending_author_and_pi_approval,,"Review against protocol, source, ethics scope, and analysis plan.",,
implementation_deviation_tests.null_test_multipliers[0],0.0,implementation_deviation_tests,pending_author_and_pi_approval,,"Review against protocol, source, ethics scope, and analysis plan.",,
implementation_deviation_tests.null_test_multipliers[1],0.25,implementation_deviation_tests,pending_author_and_pi_approval,,"Review against protocol, source, ethics scope, and analysis plan.",,
implementation_deviation_tests.null_test_multipliers[2],0.5,implementation_deviation_tests,pending_author_and_pi_approval,,"Review against protocol, source, ethics scope, and analysis plan.",,
implementation_deviation_tests.null_test_multipliers[3],0.75,implementation_deviation_tests,pending_author_and_pi_approval,,"Review against protocol, source, ethics scope, and analysis plan.",,
implementation_deviation_tests.positive_cases_per_site,4,implementation_deviation_tests,pending_author_and_pi_approval,,"Review against protocol, source, ethics scope, and analysis plan.",,
implementation_deviation_tests.null_cases_per_site,4,implementation_deviation_tests,pending_author_and_pi_approval,,"Review against protocol, source, ethics scope, and analysis plan.",,
expert_review.rating_scale_min,1,expert_review,pending_author_and_pi_approval,,"Review against protocol, source, ethics scope, and analysis plan.",,
expert_review.rating_scale_max,7,expert_review,pending_author_and_pi_approval,,"Review against protocol, source, ethics scope, and analysis plan.",,
expert_review.session_minutes_min,30,expert_review,pending_author_and_pi_approval,,"Review against protocol, source, ethics scope, and analysis plan.",,
expert_review.session_minutes_max,60,expert_review,pending_author_and_pi_approval,,"Review against protocol, source, ethics scope, and analysis plan.",,
expert_review.minimum_completed_ratings_per_scenario,2,expert_review,pending_author_and_pi_approval,,"Review against protocol, source, ethics scope, and analysis plan.",,
expert_review.maximum_primary_missing_fraction,0.1,expert_review,pending_author_and_pi_approval,,"Review against protocol, source, ethics scope, and analysis plan.",,
resident_review.fidelity_scale_min,1,resident_review,pending_author_and_pi_approval,,"Review against protocol, source, ethics scope, and analysis plan.",,
resident_review.fidelity_scale_max,7,resident_review,pending_author_and_pi_approval,,"Review against protocol, source, ethics scope, and analysis plan.",,
llm_configuration.max_output_tokens,8192,llm_configuration,pending_author_and_pi_approval,,"Review against protocol, source, ethics scope, and analysis plan.",,
llm_configuration.schema_invalid_retry_limit,1,llm_configuration,pending_author_and_pi_approval,,"Review against protocol, source, ethics scope, and analysis plan.",,
llm_configuration.api_preflight_live_schema_requests,4,llm_configuration,pending_author_and_pi_approval,,"Review against protocol, source, ethics scope, and analysis plan.",,
llm_configuration.api_preflight_local_refusal_fixtures,1,llm_configuration,pending_author_and_pi_approval,,"Review against protocol, source, ethics scope, and analysis plan.",,
llm_configuration.sensitivity_scenarios,12,llm_configuration,pending_author_and_pi_approval,,"Review against protocol, source, ethics scope, and analysis plan.",,
randomness.master_seed,20260804,randomness,pending_author_and_pi_approval,,"Review against protocol, source, ethics scope, and analysis plan.",,
randomness.python_hash_seed,20260804,randomness,pending_author_and_pi_approval,,"Review against protocol, source, ethics scope, and analysis plan.",,
randomness.ortools_num_search_workers,1,randomness,pending_author_and_pi_approval,,"Review against protocol, source, ethics scope, and analysis plan.",,
randomness.expert_allocation_seed,400001,randomness,pending_author_and_pi_approval,,"Review against protocol, source, ethics scope, and analysis plan.",,
randomness.expert_order_seed_base,400100,randomness,pending_author_and_pi_approval,,"Review against protocol, source, ethics scope, and analysis plan.",,
randomness.resident_allocation_seed_base,800000,randomness,pending_author_and_pi_approval,,"Review against protocol, source, ethics scope, and analysis plan.",,
randomness.bootstrap_seed,600001,randomness,pending_author_and_pi_approval,,"Review against protocol, source, ethics scope, and analysis plan.",,
randomness.permutation_seed,600002,randomness,pending_author_and_pi_approval,,"Review against protocol, source, ethics scope, and analysis plan.",,
analysis.bootstrap_repetitions,10000,analysis,pending_author_and_pi_approval,,"Review against protocol, source, ethics scope, and analysis plan.",,
analysis.permutation_repetitions,10000,analysis,pending_author_and_pi_approval,,"Review against protocol, source, ethics scope, and analysis plan.",,
